Workbook

Sheet Master Index
A1: Title | B1: Category | C1: Subcategory | D1: Format | E1: Topic | F1: Educational Level | G1: Difficulty | H1: Est. Time | I1: Clinical Relevance | J1: Current Status | K1: Priority | L1: Location | M1: Recommended Action
A2: Psychiatry Clerkship Library — Master Plan (this audit) | B2: Planning | C2: Audit/Architecture | D2: MD | E2: Library design | F2: Faculty | G2: — | H2: 45m | I2: High | J2: Exists | K2: P0 | L2: ~/ (home) | M2: Use as front door / README
A3: Education Hub Blueprint (3-path architecture) | B3: Planning | C3: Architecture | D3: MD | E3: Hub design | F3: Faculty | G3: — | H3: 20m | I3: Med | J3: Revise | K3: P1 | L3: ~/Education_Hub_Blueprint.md | M3: Fold into master plan
A4: Library Plan & Audit Roadmap (Book/Podcast) | B4: Planning | C4: Architecture | D4: MD | E4: Media library | F4: Faculty | G4: — | H4: 25m | I4: Med | J4: Exists | K4: P3 | L4: ~/Library_Plan_and_Audit_Roadmap.md | M4: Build Library v1
A5: A Day on the Unit — Walkthrough | B5: Orientation | C5: Logistics | D5: DOCX | E5: Unit orientation | F5: MS3 | G5: Intro | H5: 20m | I5: High | J5: Revise | K5: P1 | L5: iCloud Work&Career / repo | M5: Wrap into 00_START_HERE syllabus
A6: MH Advanced Clerkship — Elective Application AY26-27 | B6: Faculty | C6: Accreditation | D6: PDF | E6: Elective design | F6: Faculty | G6: — | H6: 30m | I6: High | J6: Exists | K6: P0 | L6: ~/Downloads | M6: Use to set learning objectives
A7: Landmark Psychiatry Teaching Guide (100 papers) | B7: Evidence & Reading | C7: Landmark Library | D7: MD | E7: Evidence base | F7: MS3→Attending | G7: Mixed | H7: Reference | I7: High | J7: Revise | K7: P0 | L7: teaching/landmark-psychiatry-teaching-guide.md | M7: Canonical; reconcile 15-vs-16 count
A8: 15/16-paper Reading Pathway (4-wk) | B8: Evidence & Reading | C8: Reading Pathway | D8: MD | E8: Curated readings | F8: MS3 | G8: Intro→Adv | H8: ~16 papers | I8: High | J8: Revise | K8: P0 | L8: (within Landmark guide) | M8: Re-sequence to 6 weeks
A9: Journal Club in a Box — 6 packets | B9: Evidence & Reading | C9: Journal Club | D9: MD | E9: EBM/critical appraisal | F9: MS3→Resident | G9: Inter | H9: 45m each | I9: High | J9: Exists | K9: P1 | L9: (within Landmark guide) | M9: Schedule across 6 weeks
A10: Teaching Script Template (10-min whiteboard) | B10: Faculty | C10: Teaching Method | D10: MD | E10: Teaching skill | F10: Resident→Faculty | G10: Inter | H10: 10m | I10: High | J10: Exists | K10: P1 | L10: (within Landmark guide) | M10: Resident overlay
A11: Landmark library — Google Drive export | B11: Evidence & Reading | C11: Landmark Library | D11: Folder | E11: Evidence base | F11: All | G11: Mixed | H11: Reference | I11: High | J11: Merge | K11: P0 | L11: Google Drive | M11: Keep as distribution export
A12: Resident Handout (2-page) | B12: Evidence & Reading | C12: Landmark Library | D12: PDF/DOCX | E12: Quick reference | F12: Resident | G12: Inter | H12: 10m | I12: High | J12: Exists | K12: P1 | L12: Google Drive | M12: Add to Resident track
... A68: Clinical Warm Design System | B68: Faculty | C68: Design/Style | D68: HTML | E68: Styling | F68: Faculty | G68: — | H68: Reference | I68: Low | J68: Exists | K68: P3 | L68: ~/clinical-warm-design-system.html | M68: Apply to public mirror

Sheet Summary
A1: Psychiatry Clerkship Library — Index Summary
A2: Auto-computed from the Master Index sheet
A4: By Status | D4: By Priority
A5: Exists | B5: =COUNTIF('Master Index'!$J$2:$J$68,"Exists") -> 50 | D5: P0 | E5: =COUNTIF('Master Index'!$K$2:$K$68,"P0") -> 13
A6: Revise | B6: =COUNTIF('Master Index'!$J$2:$J$68,"Revise") -> 6 | D6: P1 | E6: =COUNTIF('Master Index'!$K$2:$K$68,"P1") -> 31
A7: Expand | B7: =COUNTIF('Master Index'!$J$2:$J$68,"Expand") -> 5 | D7: P2 | E7: =COUNTIF('Master Index'!$K$2:$K$68,"P2") -> 7
A8: Create | B8: =COUNTIF('Master Index'!$J$2:$J$68,"Create") -> 0 | D8: P3 | E8: =COUNTIF('Master Index'!$K$2:$K$68,"P3") -> 16
A9: Merge | B9: =COUNTIF('Master Index'!$J$2:$J$68,"Merge") -> 4
A10: Archive | B10: =COUNTIF('Master Index'!$J$2:$J$68,"Archive") -> 2
A11: TOTAL | B11: =COUNTA('Master Index'!$A$2:$A$68) -> 67
A14: By Category | D14: Status legend
A15: Planning | B15: =COUNTIF('Master Index'!$B$2:$B$68,"Planning") -> 4 | D15: Exists | E15: usable today
A16: Orientation | B16: =COUNTIF('Master Index'!$B$2:$B$68,"Orientation") -> 2 | D16: Revise | E16: update/fix drift
A17: Evidence & Reading | B17: =COUNTIF('Master Index'!$B$2:$B$68,"Evidence & Reading") -> 8 | D17: Expand | E17: extend existing
A18: Teaching Spine | B18: =COUNTIF('Master Index'!$B$2:$B$68,"Teaching Spine") -> 3 | D18: Create | E18: net-new authoring
A19: Clinical Skills | B19: =COUNTIF('Master Index'!$B$2:$B$68,"Clinical Skills") -> 10 | D19: Merge | E19: dedupe to canonical
A20: Acute & Safety | B20: =COUNTIF('Master Index'!$B$2:$B$68,"Acute & Safety") -> 8 | D20: Archive | E20: retire
A21: Psychopharmacology | B21: =COUNTIF('Master Index'!$B$2:$B$68,"Psychopharmacology") -> 4
A22: Family & Relational | B22: =COUNTIF('Master Index'!$B$2:$B$68,"Family & Relational") -> 6
A23: Core Topics | B23: =COUNTIF('Master Index'!$B$2:$B$68,"Core Topics") -> 1
A24: Patient/Family Ed | B24: =COUNTIF('Master Index'!$B$2:$B$68,"Patient/Family Ed") -> 4
A25: Cases & Simulation | B25: =COUNTIF('Master Index'!$B$2:$B$68,"Cases & Simulation") -> 1
A26: Exam Prep | B26: =COUNTIF('Master Index'!$B$2:$B$68,"Exam Prep") -> 2
A27: Media | B27: =COUNTIF('Master Index'!$B$2:$B$68,"Media") -> 3
A28: AI & Prompts | B28: =COUNTIF('Master Index'!$B$2:$B$68,"AI & Prompts") -> 1
A29: Faculty | B29: =COUNTIF('Master Index'!$B$2:$B$68,"Faculty") -> 5
A30: Tracks | B30: =COUNTIF('Master Index'!$B$2:$B$68,"Tracks") -> 2
A31: Archive | B31: =COUNTIF('Master Index'!$B$2:$B$68,"Archive") -> 2
